indicator_type	indicator_value	comment	ds
android_package_name	al.puik.cus	CallShowLite	2022-10-03
android_package_name	apex.hoolom.racecar.app	Apex Race Game	2022-10-03
android_package_name	callerscreen.paper.ringshow	CallerPaper Show	2022-10-03
android_package_name	com.abs.provideo_editor	Video Converter Master	2022-10-03
android_package_name	com.acetoon.studio.facephoto	Acetoon Photo Cartoon	2022-10-03
android_package_name	com.addtextcoon.shapermoter	Photo Frame PIP Collage Maker	2022-10-03
android_package_name	com.adonarusso.daily.horoscope	ZodiHoroscope - Fortune Finder	2022-10-03
android_package_name	com.ads_manager_helper	Ads Manager Helper	2022-10-03
android_package_name	com.ads.optimization	Ad Optimization Meta	2022-10-03
android_package_name	com.adsagency.socialmng	Ad Manager For Social	2022-10-03
android_package_name	com.agehohn.fpsgame.app	Agent John FPS Game	2022-10-03
android_package_name	com.allsite.unlo	Unblocked Website	2022-10-03
android_package_name	com.amazcam.apbest	Best Fun Cam	2022-10-03
android_package_name	com.amazing.psychologyfacts	Psychology Facts	2022-10-03
android_package_name	com.androiddharmesh.editor	Cool Photo Editor	2022-10-03
android_package_name	com.androiddharmesh.fashioncam	Cool Filter Editor	2022-10-03
android_package_name	com.anhhuy.ads	Ads & Page	2022-10-03
android_package_name	com.anhhuy.adspagesmanager	Ads Pages Manager	2022-10-03
android_package_name	com.app.good.constellationmaster	Constellation Master	2022-10-03
android_package_name	com.applock.easyuse.lock	AppLock-Lock Apps & Privacy Guard	2022-10-03
android_package_name	com.art.draw.SmoothPictureEditor	Smooth Picture Editor	2022-10-03
android_package_name	com.artext.picshow	Text Camera	2022-10-03
android_package_name	com.artoon.toonphoto	Artoon Photo Cartoon Creator	2022-10-03
android_package_name	com.artpics.campro	Pics Art	2022-10-03
android_package_name	com.ashtoon.tooncool.skordoi	Ashtoon Cartoon Editor	2022-10-03
android_package_name	com.atharva.perfect.photoeffects	Perfect Photo Effects | Loop Photo Animator	2022-10-03
android_package_name	com.ballmaster.puzzle	Bomb Master 3D	2022-10-03
android_package_name	com.beamuisclab.musicdownloader.song.mp3download.app	Free Music Downloader & Free Mp3 Downloader	2022-10-03
android_package_name	com.beauty.selfcamera.perfect	Beauty Camera	2022-10-03
android_package_name	com.beautycamera.plusfuny	Beauty Camera Plus	2022-10-03
android_package_name	com.beautyeditor.bestphotoeditor	Photo Editor	2022-10-03
android_package_name	com.beautymakeup.cameram	Beauty Makeup Camera	2022-10-03
android_package_name	com.bestpuz.gams.artpics	Art Puzzle 2021	2022-10-03
android_package_name	com.biscoco.camfilter	Biscuit Coco Cam	2022-10-03
android_package_name	com.bluee.gorme	Blue-shoot Game	2022-10-03
android_package_name	com.blur.image.handle	Blur Photo	2022-10-03
android_package_name	com.blut.shooting	Bluetouch Shooting Game	2022-10-03
android_package_name	com.bobom.crashran.race	Ranger Crash Game	2022-10-03
android_package_name	com.boo.bam.frvpn	Bamboo VPN	2022-10-03
android_package_name	com.borderedit.cameraapp	Border Sticker Camera	2022-10-03
android_package_name	com.brawsantoon.besteditor	Skintoon - Labs of Cartoon	2022-10-03
android_package_name	com.businessplannerdesign	Business Planner Manage	2022-10-03
android_package_name	com.cam.io.cls	Classic filter camera	2022-10-03
android_package_name	com.camepicin.libevent	PIP Camera 2022	2022-10-03
android_package_name	com.candlesvpn.proxyss	Candles VPN	2022-10-03
android_package_name	com.caniqiwa.perfectpuzzles	Perfect Puzzles	2022-10-03
android_package_name	com.cartoons.photofacemaker	Photo editor PIP collage maker	2022-10-03
android_package_name	com.caryshughes.toonprismaeffect	ToonPrisma - 3D Photo Effect	2022-10-03
android_package_name	com.charlottefabron.hdvideoplayer	HD Video Player with music	2022-10-03
android_package_name	com.classic.beat.cam	BeautyCam	2022-10-03
android_package_name	com.cliffbradley.youtooncartooneffect	YouToon - AI Cartoon Effect	2022-10-03
android_package_name	com.colinread.playphooteditor	Play Phoot Editor & Collage	2022-10-03
android_package_name	com.collageimage.photofilter	Photo Filter	2022-10-03
android_package_name	com.coolcall.callshow	Color Call	2022-10-03
android_package_name	com.coolcall.newspipcamera	Photo PIP Camera	2022-10-03
android_package_name	com.craftstoon.cartoonphoto	Craftsart Cartoon Photo Tools	2022-10-03
android_package_name	com.creatoonbest.faceedit	Creatoon Face Editor	2022-10-03
android_package_name	com.creatorlena.vieds	Photo Video Editor:Lena Editor	2022-10-03
android_package_name	com.crown.camera	Crown Camera	2022-10-03
android_package_name	com.customcamare.ppcamera	Photo Pro 2021	2022-10-03
android_package_name	com.d2p.ads_manager_plus	Ads Manager Plus	2022-10-03
android_package_name	com.dahuadata.photomakerpip	Maker PIP Gallery	2022-10-03
android_package_name	com.dashboardmanagemeta	Pages Dashboard	2022-10-03
android_package_name	com.davykinsman.photoquipo.cartooneffect	Photoquipo Cartoon Pic Effect	2022-10-03
android_package_name	com.day.flywallpaper	Flyingfish Wallpaper	2022-10-03
android_package_name	com.ddhd.cameraadorn	CameraAdorn	2022-10-03
android_package_name	com.ddhd.creatormould	CreatorMould	2022-10-03
android_package_name	com.ddhd.photo.elegantimage	ElegantImage	2022-10-03
android_package_name	com.deepwallpaper.hd.live	Deep Wallpaper-live,HD	2022-10-03
android_package_name	com.dennisarmstrong.videolancervideomaker	Videolancer - Pro Video Maker	2022-10-03
android_package_name	com.dreammaker.phgridpip	PIP Collage Coco	2022-10-03
android_package_name	com.dressing.charm.apps	Dress up Charming	2022-10-03
android_package_name	com.dwyzb23xjiqpsn.zbqyuvfgtion	3 Patti King - India Rummy	2022-10-03
android_package_name	com.dypica.facepicture	Face Picture	2022-10-03
android_package_name	com.dysfree.barcode.scanner	QR Barcode Scan	2022-10-03
android_package_name	com.edgarmay.atecphotoeffect	Atec Sparkle Photo Editor 2022	2022-10-03
android_package_name	com.editor.xinphoto	Enjoy Photo Editor	2022-10-03
android_package_name	com.edmondatrentini.dingdingphotoeffect	Ding Ding Photo Effect Editor	2022-10-03
android_package_name	com.expto.akgarhwal.puzzlex	Art Photo Puzzle	2022-10-03
android_package_name	com.fabiomancini.cartoonpainteffect	Cartoon Face Photo Editor	2022-10-03
android_package_name	com.faceart.savetoon.cartoonedit	Savetoon Art - Face Cartoon	2022-10-03
android_package_name	com.faceartoon.studioon	Facetoon Photo Art	2022-10-03
android_package_name	com.fast.vpn.lifestyleb	Fast VPN Proxy	2022-10-03
android_package_name	com.fb.ads.optimize	Ads Optimize	2022-10-03
android_package_name	com.fb.metas.adsmanager	Ads Manager For Business	2022-10-03
android_package_name	com.fillartoon.toonphotos	Pica Artoon Face Editor	2022-10-03
android_package_name	com.filmstrip.drawanima	Photo Layout Editor	2022-10-03
android_package_name	com.filter.photoeditor	Instapic: Photo Editor Pro, Collage Maker	2022-10-03
android_package_name	com.fimeruv.shapephotoeditor	Shape Photo Editor	2022-10-03
android_package_name	com.fiwyl.sharephotomaker	Share Photo Maker	2022-10-03
android_package_name	com.flnt.uck	Speedy Vpn Tunnel	2022-10-03
android_package_name	com.floydhampton.moldishmansphotoeffect	Moldish - Men's Photo Editor	2022-10-03
android_package_name	com.flyspeed.fish	FlyFish Speed	2022-10-03
android_package_name	com.fonts.text.board	Stylist Fonts for Keyboard	2022-10-03
android_package_name	com.fotspicass.makerpiccoa	PIP Editor Frame Photo	2022-10-03
android_package_name	com.fqrs.qrscapp	Flash QRCode Scanner	2022-10-03
android_package_name	com.free.unlimited.transcendvpn	Transcend VPN	2022-10-03
android_package_name	com.free.vpn.masterproxy	Free VPN Master	2022-10-03
android_package_name	com.freevpn.proxytuber	Super Tuber VPN	2022-10-03
android_package_name	com.freevpn.proxytubervpn	Tuber VPN - Free&Secure VPN Proxy Server	2022-10-03
android_package_name	com.fstl.vtnel	Fast Vpn Tunnel	2022-10-03
android_package_name	com.fucol.puz	Photo Puzzle 2021	2022-10-03
android_package_name	com.fun.herone.racegame	Lone Hero Racing	2022-10-03
android_package_name	com.fysolasil.sharephotoeditor	Share Photo Editor	2022-10-03
android_package_name	com.gadybatax.artsphotos	Arts Photos	2022-10-03
android_package_name	com.gallery.provides	Art Filters:Photo to Painting	2022-10-03
android_package_name	com.gamebooster.safegame	Game Booster	2022-10-03
android_package_name	com.gcam.pvint	Vinto Cam	2022-10-03
android_package_name	com.genten.soulmatch	Emotion Checker	2022-10-03
android_package_name	com.ghost.vpn.masterproxy	Ghost VPN Proxy	2022-10-03
android_package_name	com.gpstrian.phototrian	Train Photo	2022-10-03
android_package_name	com.grigoriipeerevozchiikov.animephoto	Anime Photo	2022-10-03
android_package_name	com.gtrid.edit.bingoemaker	Photo Editor Pic Collage	2022-10-03
android_package_name	com.HalogenElement.Frame.TrainPhotoFrame	Train Photo Frame	2022-10-03
android_package_name	com.hiepro.hiynode	Hiyoo Hidenode pro	2022-10-03
android_package_name	com.hiranursaygi.allinoneofficereader	All in one Doc Editor & Viewer	2022-10-03
android_package_name	com.hn.dayblue	Fun Wallpaper	2022-10-03
android_package_name	com.hotspot.vpn.freeproxy	Hotspot Free VPN	2022-10-03
android_package_name	com.hqapps.ppp.wallpaper	Highquality Purple Wallpaper	2022-10-03
android_package_name	com.hunbeiren.pipeditorimage	PIP Editor Image	2022-10-03
android_package_name	com.iceselfie.beautycamx	Ice Selfie Beauty Cam	2022-10-03
android_package_name	com.image.move.puzzle	Image Move Puzzle	2022-10-03
android_package_name	com.instagram.app	Business from Instagram	2022-10-03
android_package_name	com.interaction.wonderful	Wonderful Camera	2022-10-03
android_package_name	com.ivorfrazier.orahororscope	Ora Horoscope - Fortune Finder	2022-10-03
android_package_name	com.jxpsnyy.kbvjdjx.dingdingphotoeffect	Ding Ding Photo Editor	2022-10-03
android_package_name	com.kali_corporation.skethcamplus	Sketch CamPlus	2022-10-03
android_package_name	com.kali.free.online.fast.translation	Instant Translator	2022-10-03
android_package_name	com.kangaroo.vpnproxy	Kangaroo VPN	2022-10-03
android_package_name	com.katarinalang.photocollage.room	Photoont - Photo Collage Edit	2022-10-03
android_package_name	com.kotmob.palmistry	Palmistry Reading Free	2022-10-03
android_package_name	com.kutsalkoyuncu.toonexphotoediotr	Toonex Photo Editor 2022	2022-10-03
android_package_name	com.leg.musclemaker.strong.man.getfit	Male fitness	2022-10-03
android_package_name	com.leneroth.photocollagegridmaker	Pic Collage & Cartoon Editor	2022-10-03
android_package_name	com.liannasoft.editorcam	4K Camera Hyper Photo Filters	2022-10-03
android_package_name	com.liferun.freegame	Life Run	2022-10-03
android_package_name	com.lightling.creatortoon.cartoon	Lighting Creator Toon	2022-10-03
android_package_name	com.lightning.vpn.proxys	Lightning VPN	2022-10-03
android_package_name	com.likefile.superfile	Files Clear	2022-10-03
android_package_name	com.lilaihua.photoeditor	PhotoEditor	2022-10-03
android_package_name	com.lofacartoon.azwajstudio	Lofa - Studio Photo Cartoon	2022-10-03
android_package_name	com.luckycatcher.freegame	Lucky Catcher - Catch Them All	2022-10-03
android_package_name	com.lucpro.luckypro	Lucky Number Pro	2022-10-03
android_package_name	com.lujeqari.videoremaker	Video Remaker	2022-10-03
android_package_name	com.madtoon.aicartoon.kiroah	MadToon Face Cartoon	2022-10-03
android_package_name	com.magic.world.daily.mhoroscope	Magic Horoscope	2022-10-03
android_package_name	com.marcyl.wagbversion.gblatest.gbproversion.lite	GB WA Warna Latest Version	2022-10-03
android_package_name	com.masto.kicter	Free Comic Photos	2022-10-03
android_package_name	com.maxinetate.jessicabailey.fosterphotoeffect	Foster - Cartoon Photo Effect	2022-10-03
android_package_name	com.merkee.neosnap.photo.editor.pro	NeoSnap Photo Editor	2022-10-03
android_package_name	com.meta.adsformeta2	Business Ads for Meta	2022-10-03
android_package_name	com.meta.adsformeta3	Business Meta Manager	2022-10-03
android_package_name	com.meta.optimizer	Meta Optimizer - Ads Analysis	2022-10-03
android_package_name	com.meteor.fast.connection	Meteor vpn	2022-10-03
android_package_name	com.mexsier.nebwallpaper	Nebula Wallpaper	2022-10-03
android_package_name	com.milohoward.rosalindvega.theobarber.photoframeeffecteditor	Photo Editor - Frame Effect	2022-10-03
android_package_name	com.mkce.fsvc	Full Screen Video Editor	2022-10-03
android_package_name	com.mnbeautif.lanchmn	Nice Photo	2022-10-03
android_package_name	com.moker.sticker	Sticker Maker Pro	2022-10-03
android_package_name	com.mold.figure.gym	Mold Figure Gym	2022-10-03
android_package_name	com.mood.camerapluss	Mood Camera	2022-10-03
android_package_name	com.mosiaguda.astrohoroscope	Astro Horoscope Guide 2022	2022-10-03
android_package_name	com.mumu.music.mmp	MuMus Music Player	2022-10-03
android_package_name	com.newsandpic.cityphoto	Photo PIP 2022	2022-10-03
android_package_name	com.niceimg.editorsa	Camera PIP	2022-10-03
android_package_name	com.nuclearpower.vpnp	Nuclear VPN Proxy	2022-10-03
android_package_name	com.okenyo.creatkartoon.studio	Okenyo Studio Creatoon	2022-10-03
android_package_name	com.oknia.panacamera	Pana Camera	2022-10-03
android_package_name	com.olfitness.android	Daily Fitness OL	2022-10-03
android_package_name	com.onlansuyanto.editor.bading	Onlan Cartoon Editor	2022-10-03
android_package_name	com.oransoda.player.soda	Soda Music Player	2022-10-03
android_package_name	com.palmistry.ofdestiny	Palmistry of Destiny	2022-10-03
android_package_name	com.papalai.popularemoji	Popular Emoji	2022-10-03
android_package_name	com.pedomeste.steppedometer	Hot Sexy Girls	2022-10-03
android_package_name	com.perfectphoto.lookablum	Perfect Photo Album	2022-10-03
android_package_name	com.peweephotoon.halfcartoon	Pewee Photoon - Photo Cartoon	2022-10-03
android_package_name	com.phabanner.cameraig	Photo PIP	2022-10-03
android_package_name	com.phonepad.sniper	Critical Strike Ops - FPS 3D shooting Game	2022-10-03
android_package_name	com.phonepad.towerdefense	Tower Defense Zone - Batmen Rush	2022-10-03
android_package_name	com.photo.adjuster	Simple Photo Adjuster	2022-10-03
android_package_name	com.photo.blureffect	Blur Effect Camera	2022-10-03
android_package_name	com.photo.move	Photo Gaming Puzzle	2022-10-03
android_package_name	com.photo.panoramacamera	Panorama Camera	2022-10-03
android_package_name	com.photoeditor.pipcamera.photoeffects	Pip Camera 2022	2022-10-03
android_package_name	com.photoeditor.proy	Photo editor Pro	2022-10-03
android_package_name	com.photoeditor.sweetsummer	Sweet Summer Camera App	2022-10-03
android_package_name	com.photoeditoreffect.mojung	Abrasive Photo Editor	2022-10-03
android_package_name	com.photolupo.pipwall	Photo Editors	2022-10-03
android_package_name	com.photoplaze.rainbow.color	Rainbow Photo Plaze	2022-10-03
android_package_name	com.photosticker.camerayou	Photo Sticker&Camera:make you beauty	2022-10-03
android_package_name	com.piccollage.imageeditors	Pic collage: photo editor&beauty image	2022-10-03
android_package_name	com.piclibra.apiceditor	Camera PIP Editor	2022-10-03
android_package_name	com.pip.photo.editor.camera.pipimage.maker	PIP Pic Camera Photo Editor	2022-10-03
android_package_name	com.piphoto.pipsapp	PIP Photo	2022-10-03
android_package_name	com.pipnames.gocamera	PIP Editor Collage	2022-10-03
android_package_name	com.Pixa.PhotoEditor.PicsArt.CollageMaker.Lightroom.PhotoLab.PixelLab.Pixlr	Pixa: Photo Editor & Collage Maker	2022-10-03
android_package_name	com.playapp.arteffect.app	ToonArt	2022-10-03
android_package_name	com.playrix.manormatter	Treasures of the Pharaoh	2022-10-03
android_package_name	com.plugiedit.editandimg	PIP Pic Camera Photo Editor	2022-10-03
android_package_name	com.postergrid.resdecypic	Photo Collage Maker Pic	2022-10-03
android_package_name	com.pped.topcam	Perfect Photo Editor	2022-10-03
android_package_name	com.prettysmart.easyuse.powerlock	Smart AppLock	2022-10-03
android_package_name	com.privacyapp.applocker.coolock	Cool Lock	2022-10-03
android_package_name	com.pulse.leftstrong.app	Pulse Music Player	2022-10-03
android_package_name	com.pumpkinvpn.proxysafen	Pumpkin VPN	2022-10-03
android_package_name	com.punk.data.transmission	Punk Vpn	2022-10-03
android_package_name	com.purevpn.secure.intenetproxy	Pure-VPN:Fast Stable Secure internet Proxy	2022-10-03
android_package_name	com.quality.famous.deep	Deep Art Effects	2022-10-03
android_package_name	com.realdrive.dreamgame	Real Driving	2022-10-03
android_package_name	com.rebekkadreyer.facecartooneffect.photoeditor	Papatoon Face Art Editor	2022-10-03
android_package_name	com.renanespic.addpici	Camera Photo Editor	2022-10-03
android_package_name	com.retmagic.piplike	PIP Magic 2022	2022-10-03
android_package_name	com.rextate.photovideomaker	Photo Video Creator with Music	2022-10-03
android_package_name	com.ring.alarm.tone.flash	Pop Ringtone	2022-10-03
android_package_name	com.rismas.tdaycam	Christmas Sticker Camera App	2022-10-03
android_package_name	com.rnapp.fmfm	Ads Manager for Meta	2022-10-03
android_package_name	com.roc.ketcon	Rocket Connect	2022-10-03
android_package_name	com.rushcar.hypergame	Rush Car 3D	2022-10-03
android_package_name	com.rushhour.hyperovertake	Rush Hour 3D - Heavy Traffic	2022-10-03
android_package_name	com.rynama.videoeditor	Video Editor	2022-10-03
android_package_name	com.safe.fast.connect	Safe Link	2022-10-03
android_package_name	com.saprontsevgertrud.cartoonillustrator	Cartoon Illustrator	2022-10-03
android_package_name	com.satan.gifpipo	PIPO GIF	2022-10-03
android_package_name	com.secsurf.fastvpn	Surf Vpn	2022-10-03
android_package_name	com.seelad.mucxx.apo	Sealand Music Player	2022-10-03
android_package_name	com.sensitivity.swarmphoto	Swarm Photo	2022-10-03
android_package_name	com.servotronicstech.perfectprocam	Perfect ProCam	2022-10-03
android_package_name	com.sheilacoleman.fissioneffectdoeditor	Fission Effectdo Pic Editor	2022-10-03
android_package_name	com.shinestar.camerax	ShineStar Camera	2022-10-03
android_package_name	com.shirleypope.lightexposureedit	Light Exposure Photo Editor	2022-10-03
android_package_name	com.sketchmaster.camplus	Cartoon Cam Pro	2022-10-03
android_package_name	com.slftz.xlzg	High HD Wallpapers 4K	2022-10-03
android_package_name	com.slidingpuzzle.slidepuzzle	Amazing Photo Puzzle	2022-10-03
android_package_name	com.sms.mms.message.ffei.free	Smart SMS Messages	2022-10-03
android_package_name	com.snapcamera.beautyys	Snap Beauty Camera	2022-10-03
android_package_name	com.snapeditor.proproxy	Snap Editor Pro	2022-10-03
android_package_name	com.snapface.sticker.camera	Snap Face Camera	2022-10-03
android_package_name	com.snapsandwich.camera	Sandwich SnapBeauty Cam	2022-10-03
android_package_name	com.sofapro.editortoon	Sofa Cartoon - Pro Editor	2022-10-03
android_package_name	com.solupho.imdetail	PIP 2022	2022-10-03
android_package_name	com.spedgame.dsrg	Drift Speed Racing Game	2022-10-03
android_package_name	com.speed.booster.phonefree	Speed Booster	2022-10-03
android_package_name	com.splicteout.photocolleger	SplitScreen PIP	2022-10-03
android_package_name	com.sqlengphoto.photoeditorpicmix	PicMix Photo Editor	2022-10-03
android_package_name	com.star.line.link	Star Line	2022-10-03
android_package_name	com.stillcut.spiraeffect	PIP PHOTO	2022-10-03
android_package_name	com.su.per.video	Pvideo	2022-10-03
android_package_name	com.superior.speed.data	Superior Speed	2022-10-03
android_package_name	com.surfvpn.proxyfast	SurfVPN - Fast VPN Proxy	2022-10-03
android_package_name	com.svpnproxy.free	S-VPN Proxy	2022-10-03
android_package_name	com.svpnproxy.safeclient	S VPN - Fast & Safe VPN Client	2022-10-03
android_package_name	com.sweet.lightlycamera	Lightly Camera	2022-10-03
android_package_name	com.sweetcamera.filterface	Sweet Beauty Plus Camera	2022-10-03
android_package_name	com.sweetsnap.camera.sticker	Beauty Sweet Camera	2022-10-03
android_package_name	com.tbn.fasts	Speedy Turbo	2022-10-03
android_package_name	com.techno.photoposterframe	Fantastic camera	2022-10-03
android_package_name	com.tentwheel.flyingphoto	Flying Photo	2022-10-03
android_package_name	com.theme.cartoon.board.key	Cartoon Keyboard Theme	2022-10-03
android_package_name	com.threetranslator.wonderas	Translation Assistant	2022-10-03
android_package_name	com.torrent.fast.exchange	Torrent	2022-10-03
android_package_name	com.touchvpn.free.proxy	Torch VPN Proxy	2022-10-03
android_package_name	com.touchvpn.proxymaster	Touch VPN Master	2022-10-03
android_package_name	com.traffictour.freegame	Traffic Tour 3D	2022-10-03
android_package_name	com.trixgardner.photazophotoeffect	Photazo - PIP & Cartoon Effect	2022-10-03
android_package_name	com.truing.motopoolparty	MotoM3X-PoolParty	2022-10-03
android_package_name	com.tuber.vpnproxy.internet	Tuber VPN Proxy	2022-10-03
android_package_name	com.tubevpn.master.free	Tubo VPN Master	2022-10-03
android_package_name	com.turbo.data.transmission	Secure Turbo	2022-10-03
android_package_name	com.ubo.tnspeed	Turbo Net	2022-10-03
android_package_name	com.unlimited.net.request	Unlimited Net	2022-10-03
android_package_name	com.v2.fast.free.rocketvpn	VPN Lite - Fast & Easy use VPN	2022-10-03
android_package_name	com.vendertext.onphoto	Vender Add Text on Photo	2022-10-03
android_package_name	com.Videoeditortfs.pro	Video Editor 2021	2022-10-03
android_package_name	com.virgovpn.proxyy	Virgo VPN	2022-10-03
android_package_name	com.vivavpnbooster.free	Viva VPN Booster	2022-10-03
android_package_name	com.vivid.coltor	Vivid Cooleditor	2022-10-03
android_package_name	com.voicechanger.soundseffect	Voice Changer	2022-10-03
android_package_name	com.vpn.proxy.unlimited	Private VPN HD	2022-10-03
android_package_name	com.wallpaper4k.tools	4K Wallpaper	2022-10-03
android_package_name	com.wanstep.likekeepstep	Keep Step	2022-10-03
android_package_name	com.waxwell.saunders.pistaphotoeditor	Pista - Cartoon Photo Effect	2022-10-03
android_package_name	com.waynecraig.magicalastrology	Magical Daily Astrology Reader	2022-10-03
android_package_name	com.whddhd.brilliantphoto	Brilliant Photo	2022-10-03
android_package_name	com.whddhd.fancyphoto	FancyPhoto	2022-10-03
android_package_name	com.whddhd.pixeditor	PixEditor	2022-10-03
android_package_name	com.willowpena.fiestraphotoeditor	Piestra - Comic & Blend Effect	2022-10-03
android_package_name	com.wilmaarnold.kutsalsaglik	Smart PDF Reader and Editor	2022-10-03
android_package_name	com.woman.sport.Female.fitness.net	Female Fitness	2022-10-03
android_package_name	com.workout.play.goal.fitness	Workout Pro	2022-10-03
android_package_name	com.wwxd.toolkit	Toolkit	2022-10-03
android_package_name	com.xcar.highwayrace.ds	Xcar Highway Race	2022-10-03
android_package_name	com.xevaphoto.cartoonion	Xeva Photo Cartoon	2022-10-03
android_package_name	com.xingx.gifimage	GIFs-Search Animated GIF & Stickers	2022-10-03
android_package_name	com.xinx.apls	2021 MagicCamPlus	2022-10-03
android_package_name	com.xinxin.anjoyartphoto	Enjoy Art Photo	2022-10-03
android_package_name	com.xonasounds.relaxing	Xona Relaxing Sounds	2022-10-03
android_package_name	com.xooil.elzup	MAGIC PHOTO PUZZLE	2022-10-03
android_package_name	com.young.photoeditor.cartooneditorapp	Cartoon Effects Photo Editor	2022-10-03
android_package_name	com.yunlinan.photoeditorwall	Photo Editor Wall	2022-10-03
android_package_name	com.yvpnproxy.freemaster	Y VPN Master	2022-10-03
android_package_name	com.zoomate.vpn.proxy.free	ZooMate VPN Proxy	2022-10-03
android_package_name	crash.vila.touch.game	Vilatouch crash game	2022-10-03
android_package_name	crash.vltcar.fungame.app	Vilatouch crash car	2022-10-03
android_package_name	fpsgame.olshooter.threed.app	Online Shooter FPS	2022-10-03
android_package_name	free.music.download.search.mp3.song.online.player	Free Music Downloader & Music Player	2022-10-03
android_package_name	ftp.bomcarcing.crashcars	Crash Racing Game	2022-10-03
android_package_name	ftp.camfilter.lovebeauty	Beauty Camera Filter	2022-10-03
android_package_name	ftp.firattck.fpsgame	Action Flame FPS	2022-10-03
android_package_name	ftp.piaoyi.racegames	Drift Sprint Racing Game	2022-10-03
android_package_name	ftp.raceranger.gamepp	CityRanger Racing Game	2022-10-03
android_package_name	funcam.fredonm.app	Thefun Camera	2022-10-03
android_package_name	game.deserthuting.app	Desert Hunting Game	2022-10-03
android_package_name	game.trytospin.nipsotyrtll	Try to spin	2022-10-03
android_package_name	lunarzodiacg.besthoro	Lunar Zodiac Horoscope	2022-10-03
android_package_name	media.callshow.vc.flash	Callshow Flash	2022-10-03
android_package_name	media.grape.sdhnt.player	Grape Media Player	2022-10-03
android_package_name	media.tean.music.appx	Tean Music Player	2022-10-03
android_package_name	muscle.loseweight.fitness.fatburning.exercise	Male Fitness 2020	2022-10-03
android_package_name	net.coolware.smart.camera.ultra	2022 Ultra Camera	2022-10-03
android_package_name	net.fpsol.shooters	Code Name-Vulture FPS OL	2022-10-03
android_package_name	net.kanvpn.fastspeed	Kangaroo Fast VPN	2022-10-03
android_package_name	net.musicesapp.player	Muses Music Player	2022-10-03
android_package_name	net.red.pi.fashion.camera	Red Camera	2022-10-03
android_package_name	net.snaphdphotoeditorapp.ishscsnaphdphotoeditor	Snap: HD Photo Editor	2022-10-03
android_package_name	net.ssonn.boomrace	Lightning Drift Racing	2022-10-03
android_package_name	net.sweetplus.camx	One-Sweet Camera	2022-10-03
android_package_name	net.teecho.camche.camera	Baby Camera	2022-10-03
android_package_name	niko.ldali.batter	BatterySafe	2022-10-03
android_package_name	org.crashmaster.funrace.aps	Crash Race Master	2022-10-03
android_package_name	org.donfan.player.app	Donfan Music Player	2022-10-03
android_package_name	org.mumu.hdpalyer.apps	Mulu Music Player	2022-10-03
android_package_name	org.musinvshen.player	Musae Music Player	2022-10-03
android_package_name	org.nzombie.hutgame	Night Hunter Game	2022-10-03
android_package_name	org.skysound.music.player	Teana Music Player	2022-10-03
android_package_name	org.svpn.goatsheep	Goat Safe VPN	2022-10-03
android_package_name	org.zipaimei.camfilter	SnapBeauty Cam Filter	2022-10-03
android_package_name	player.mmm.mediapp.otrs	Mostfun Media Music	2022-10-03
android_package_name	player.pinol.enoyend	OseaCamera	2022-10-03
android_package_name	player.pmte.nfyti.media	Pomelo Music Player	2022-10-03
android_package_name	player.seashel.loud.media	Sealod Music Player	2022-10-03
android_package_name	player.shellvoice.app	SeaShell Music Player	2022-10-03
android_package_name	proflash.flash.com	ProFlash	2022-10-03
android_package_name	program.data.agus.dat	Kite camera	2022-10-03
android_package_name	race.apex.accre.game	Apex Crash Race	2022-10-03
android_package_name	solo.impostormaster.kill	Impostor Master Solo Kill 2021	2022-10-03
android_package_name	spdcar.gamedrag.racgame.app	Instant Drag Speed Racing	2022-10-03
android_package_name	sped.racear.game.plusx	Extreme Speed Race	2022-10-03
android_package_name	whsmy.blod.sper	NoneCanDie	2022-10-03
android_package_name	win.bestrace.threed.game	City Crash Racing Game	2022-10-03
android_package_name	win.calshow.zzplus.app	Callpaper Show	2022-10-03
android_package_name	win.hapsunday.mplayer	Sunday Media Player	2022-10-03
android_package_name	win.hoomhom.fpsgame	Flame Shock FPS	2022-10-03
android_package_name	win.modoen.time.camer	Modern Time Camera	2022-10-03
android_package_name	win.smartgame.sortpuz.app	Rainbow Square- Sort Puzzle	2022-10-03
android_package_name	win.tebag.camap	Tea Bag Camera	2022-10-03
ios_app_id	1555651942	FB Advertising Optimization	2022-10-03
ios_app_id	1561642325	Business ADS Manager	2022-10-03
ios_app_id	1563142182	Ads Analytics	2022-10-03
ios_app_id	1564091908	FB Adverts Optimization	2022-10-03
ios_app_id	1566705026	FB Analytic	2022-10-03
ios_app_id	1566706023	FB Adverts Community	2022-10-03
ios_app_id	1574530186	Adverts Ai Optimize	2022-10-03
ios_app_id	1587056055	Very Business Manager	2022-10-03
ios_app_id	1591775710	FB Business Support	2022-10-03
ios_app_id	1593368297	Fb Ads	2022-10-03
ios_app_id	1596775769	Meta Optimizer	2022-10-03
ios_app_id	1597553589	Business Manager Pages	2022-10-03
ios_app_id	1598946098	Adverts Manager	2022-10-03
ios_app_id	1600072709	Meta Adverts Manager	2022-10-03
ios_app_id	1600404846	Ad Optimization Meta	2022-10-03
ios_app_id	1601275530	FB Pages Manager	2022-10-03
ios_app_id	1602637866	Business Ads	2022-10-03
ios_app_id	1603255418	Meta Business	2022-10-03
ios_app_id	1603571287	Business Suite Manager	2022-10-03
ios_app_id	1604086670	FB Ads Cost	2022-10-03
ios_app_id	1607057895	Adverts Bussiness Suite	2022-10-03
ios_app_id	1608743187	Business Ads Clock	2022-10-03
ios_app_id	1609915932	Ads & Pages	2022-10-03
ios_app_id	1610859814	Business Suite	2022-10-03
ios_app_id	1610944161	Business & Ads	2022-10-03
ios_app_id	1612196202	Business Manager Overview	2022-10-03
ios_app_id	1613983385	Business Suite Ads	2022-10-03
ios_app_id	1619733733	Page Suite Manager	2022-10-03
ios_app_id	1622402517	Business Meta Support	2022-10-03
ios_app_id	1623362126	Pages Manager Suite	2022-10-03
ios_app_id	1625368035	Business Meta Pages	2022-10-03
ios_app_id	1626632781	Business Suite Ads	2022-10-03
ios_app_id	1626692617	Ads Business Knowledge	2022-10-03
ios_app_id	1629919774	Page Suite Managers	2022-10-03
ios_app_id	1631778308	Pages Managers Suite	2022-10-03
ios_app_id	1632069527	Ads Business Advance	2022-10-03
ios_app_id	1632606219	Pages Manager Suite	2022-10-03
ios_app_id	1633012933	Business Suite Optimize	2022-10-03
ios_app_id	1633016482	Business Manager Suite	2022-10-03
ios_app_id	1633078757	Business Suite Managers	2022-10-03
ios_app_id	1633828994	Ads Business Manager	2022-10-03
ios_app_id	1635045234	Ads Business Suite	2022-10-03
ios_app_id	1635301567	Business Manager Pages	2022-10-03
ios_app_id	1635555183	Business Adverts Manager	2022-10-03
ios_app_id	1636196931	Ads Manager Suite	2022-10-03
ios_app_id	1636825108	Business Manager Pages	2022-10-03
ios_app_id	1639572841	Ads & Business Suite	2022-10-03
